,Language,Test Name,LKM Page sync check,LKM Zone sync check
0,C,fannkuchredux,0.2805755395683454,0.10791366906474831
1,C,spectralnorm,0.3095238095238097,0.19047619047619052
2,C,matmul,0.26,0.15999999999999992
3,C,binarytrees,0.4146341463414634,0.18292682926829273
4,C,fasta,0.7432432432432433,0.41891891891891897
